Address,Name,Size,BasicBlocks
002000c0,FUN_002000c0,108,10
00200130,FUN_00200130,300,8
00200be8,FUN_00200be8,272,22
00201078,FUN_00201078,44,4
00201730,FUN_00201730,192,17
00201990,FUN_00201990,8,1
002019a0,FUN_002019a0,64,6
002019e0,FUN_002019e0,452,29
00201d90,FUN_00201d90,40,1
00201db8,FUN_00201db8,24,1
00201e58,FUN_00201e58,24,1
00201e70,FUN_00201e70,48,1
00201ea0,FUN_00201ea0,1488,30
002039b8,FUN_002039b8,8,1
00203b78,FUN_00203b78,104,4
00203cf8,FUN_00203cf8,16,1
00203d58,FUN_00203d58,208,5
002040b8,FUN_002040b8,216,12
00204190,FUN_00204190,48,2
002041c8,FUN_002041c8,32,1
002041e8,FUN_002041e8,44,1
002043d8,FUN_002043d8,64,3
00204418,FUN_00204418,28,1
00204458,FUN_00204458,64,2
00204498,FUN_00204498,12,1
002044d8,FUN_002044d8,12,1
002045b8,FUN_002045b8,64,3
002045f8,FUN_002045f8,168,13
002046a0,FUN_002046a0,728,30
00204eb4,FUN_00204eb4,52,2
00204f20,FUN_00204f20,52,1
002057f0,FUN_002057f0,328,3
00205830,FUN_00205830,80,2
00205880,FUN_00205880,56,1
002058b8,FUN_002058b8,480,13
00205a98,FUN_00205a98,32,3
00205ac0,FUN_00205ac0,44,1
002072a8,FUN_002072a8,24,1
002072c0,FUN_002072c0,80,1
002073b8,FUN_002073b8,200,3
00207d00,FUN_00207d00,64,1
00207d40,FUN_00207d40,32,1
00207d60,FUN_00207d60,176,8
00207e10,FUN_00207e10,104,3
00207e78,FUN_00207e78,96,1
00207ed8,FUN_00207ed8,764,17
00209778,FUN_00209778,1372,20
0020a4e8,FUN_0020a4e8,36,1
0020a6c0,FUN_0020a6c0,68,2
0020a730,FUN_0020a730,16,1
0020aa74,FUN_0020aa74,636,5
0020c6f8,FUN_0020c6f8,696,23
0020cb78,FUN_0020cb78,40,1
0020cba0,FUN_0020cba0,116,3
0020d320,FUN_0020d320,132,1
0020d490,FUN_0020d490,1024,30
0020d900,FUN_0020d900,8,1
0020d908,FUN_0020d908,1124,45
0020dee0,FUN_0020dee0,260,7
0020dfe8,FUN_0020dfe8,272,7
0020e0f8,FUN_0020e0f8,192,1
0020e1b8,FUN_0020e1b8,208,1
0020e288,FUN_0020e288,88,2
0020e3a8,FUN_0020e3a8,316,8
0020ed20,FUN_0020ed20,16,1
0020ed30,FUN_0020ed30,112,5
0020eda0,FUN_0020eda0,288,14
0020eec0,FUN_0020eec0,436,1
0020fa38,FUN_0020fa38,184,8
00210320,FUN_00210320,88,1
00210378,FUN_00210378,264,1
00210480,FUN_00210480,300,5
00210940,FUN_00210940,32,1
00210a00,FUN_00210a00,36,1
00210b08,FUN_00210b08,124,3
00210df0,FUN_00210df0,292,3
00210f18,FUN_00210f18,12,1
002110a8,FUN_002110a8,736,49
00211ba8,FUN_00211ba8,32,1
00211e10,FUN_00211e10,52,1
00211e60,FUN_00211e60,516,23
00212470,FUN_00212470,20,1
00212510,FUN_00212510,40,1
00212878,FUN_00212878,148,4
00212a10,FUN_00212a10,100,5
00212b18,FUN_00212b18,36,1
00212b60,FUN_00212b60,36,1
00212c28,FUN_00212c28,80,1
00212c78,FUN_00212c78,64,1
00212cb8,FUN_00212cb8,64,1
00212cf8,FUN_00212cf8,176,11
00212da8,FUN_00212da8,604,24
00213900,FUN_00213900,16,1
00213a48,FUN_00213a48,52,1
002141c0,FUN_002141c0,92,1
00214268,FUN_00214268,208,12
00214438,FUN_00214438,456,8
00214ee8,FUN_00214ee8,440,20
00214f58,FUN_00214f58,176,9
00215008,FUN_00215008,52,2
002150b8,FUN_002150b8,12,2
002154a0,FUN_002154a0,140,5
00215d20,FUN_00215d20,420,24
00216248,FUN_00216248,36,1
002162d0,FUN_002162d0,144,6
00216350,FUN_00216350,36,1
00216398,FUN_00216398,52,2
00216428,FUN_00216428,72,2
00216740,FUN_00216740,128,7
002167c0,FUN_002167c0,100,6
00216958,FUN_00216958,8,1
002169c0,FUN_002169c0,244,10
00216b28,FUN_00216b28,44,2
00216b88,FUN_00216b88,12,1
00216bd0,FUN_00216bd0,104,4
00216c38,FUN_00216c38,160,10
00216cd8,FUN_00216cd8,24,1
00216d50,FUN_00216d50,12,1
00216dc8,FUN_00216dc8,64,6
00216e00,FUN_00216e00,20,2
00216fd0,FUN_00216fd0,20,1
00217028,FUN_00217028,124,1
002170c0,FUN_002170c0,56,2
00217100,FUN_00217100,224,9
00217220,FUN_00217220,80,2
00217270,FUN_00217270,20,1
002172a0,FUN_002172a0,156,6
00217370,FUN_00217370,20,1
002174a8,FUN_002174a8,92,4
00217530,FUN_00217530,24,2
00217548,FUN_00217548,20,3
00217608,FUN_00217608,52,2
00217640,FUN_00217640,16,1
00217650,FUN_00217650,16,1
00217670,FUN_00217670,12,1
002176c8,FUN_002176c8,24,1
00217768,FUN_00217768,84,8
002177c0,FUN_002177c0,80,5
00217810,FUN_00217810,28,2
00217a08,FUN_00217a08,48,1
00218410,FUN_00218410,56,1
00218448,FUN_00218448,72,3
00218590,FUN_00218590,56,4
00218780,FUN_00218780,168,2
00218cd0,FUN_00218cd0,12,1
00218e58,FUN_00218e58,116,3
002194b8,FUN_002194b8,128,3
00219f60,FUN_00219f60,244,7
0021a458,FUN_0021a458,32,1
0021bb48,FUN_0021bb48,124,4
0021c0d8,FUN_0021c0d8,20,1
0021c3e0,FUN_0021c3e0,120,3
0021c458,FUN_0021c458,188,7
0021cbf0,FUN_0021cbf0,288,11
0021d148,FUN_0021d148,12,1
0021d3a8,FUN_0021d3a8,112,1
0021d428,FUN_0021d428,40,3
0021d878,FUN_0021d878,40,1
0021e4d0,FUN_0021e4d0,96,7
0021e530,FUN_0021e530,56,2
0021e568,FUN_0021e568,88,3
0021f9c0,FUN_0021f9c0,24,1
0021faf0,FUN_0021faf0,8,1
0021fc70,FUN_0021fc70,72,1
0021fcb8,FUN_0021fcb8,68,1
0021fdc0,FUN_0021fdc0,36,3
00220030,FUN_00220030,472,1
00220208,FUN_00220208,636,3
002205b0,FUN_002205b0,60,1
00220960,FUN_00220960,200,2
00220a28,FUN_00220a28,264,5
00220b88,FUN_00220b88,96,4
00220dd0,FUN_00220dd0,104,4
00220ff8,FUN_00220ff8,104,1
00221470,FUN_00221470,8,1
00221558,FUN_00221558,8,1
00221608,FUN_00221608,8,1
00221610,FUN_00221610,196,4
002216d8,FUN_002216d8,40,1
002219a0,FUN_002219a0,8,1
002219d8,FUN_002219d8,100,5
00221bc8,FUN_00221bc8,12,1
00221d80,FUN_00221d80,8,1
00221d88,FUN_00221d88,8,1
00221d90,FUN_00221d90,16,2
00221da0,FUN_00221da0,60,2
00222160,FUN_00222160,172,7
00222210,FUN_00222210,196,8
00222330,FUN_00222330,96,4
00222390,FUN_00222390,160,12
00222430,FUN_00222430,52,4
00222560,FUN_00222560,64,3
00223918,FUN_00223918,16,1
00223f78,FUN_00223f78,1720,56
00224630,FUN_00224630,112,3
002246a0,FUN_002246a0,80,6
002246f0,FUN_002246f0,84,2
00224a40,FUN_00224a40,36,1
00225288,FUN_00225288,24,1
00225760,FUN_00225760,2480,20
00226110,FUN_00226110,144,1
002261a0,FUN_002261a0,804,3
002266a8,FUN_002266a8,40,1
00226a88,FUN_00226a88,8,1
00226a90,FUN_00226a90,24,1
00226aa8,FUN_00226aa8,12,1
00226b58,FUN_00226b58,100,1
00226cf8,FUN_00226cf8,76,1
00226d60,FUN_00226d60,96,1
00226dc0,FUN_00226dc0,96,2
00226e20,FUN_00226e20,20,1
00226e58,FUN_00226e58,112,3
00226ec8,FUN_00226ec8,12,1
00226f00,FUN_00226f00,148,1
00227340,FUN_00227340,440,17
00227840,FUN_00227840,224,6
00227920,FUN_00227920,72,5
00227968,FUN_00227968,104,6
002279d0,FUN_002279d0,104,2
00227a38,FUN_00227a38,64,4
00227a78,FUN_00227a78,192,3
00227b40,FUN_00227b40,156,3
00227be8,FUN_00227be8,216,10
00227cc8,FUN_00227cc8,200,4
00227d90,FUN_00227d90,168,4
00227e38,FUN_00227e38,904,31
002281c8,FUN_002281c8,80,2
00228220,FUN_00228220,264,14
00228408,FUN_00228408,60,1
00228828,FUN_00228828,12,1
002288b0,FUN_002288b0,552,24
00228ad8,FUN_00228ad8,72,3
00228b20,FUN_00228b20,40,2
00229468,FUN_00229468,20,1
00229778,FUN_00229778,48,1
0022af60,FUN_0022af60,120,11
0022b130,FUN_0022b130,108,2
0022b1c0,FUN_0022b1c0,248,9
0022b2e0,FUN_0022b2e0,32,1
0022b394,FUN_0022b394,36,3
0022b928,FUN_0022b928,48,1
0022bca8,FUN_0022bca8,20,2
0022bcc8,FUN_0022bcc8,92,1
0022bd30,FUN_0022bd30,168,11
0022beb8,FUN_0022beb8,52,3
0022bf18,FUN_0022bf18,76,3
0022bfb8,FUN_0022bfb8,16,1
0022c0f0,FUN_0022c0f0,40,1
0022c690,FUN_0022c690,16,1
0022cd80,FUN_0022cd80,92,5
0022ced8,FUN_0022ced8,32,2
0022cf70,FUN_0022cf70,160,9
0022e220,FUN_0022e220,20,1
0022e290,FUN_0022e290,176,9
0022e6e8,FUN_0022e6e8,44,1
0022e718,FUN_0022e718,32,2
0022e738,FUN_0022e738,16,1
0022e7a8,FUN_0022e7a8,188,13
0022e910,FUN_0022e910,120,9
0022ea48,FUN_0022ea48,160,9
0022eaf0,FUN_0022eaf0,32,2
0022eb10,FUN_0022eb10,616,18
0022f570,FUN_0022f570,16,1
0022f5b8,FUN_0022f5b8,56,4
0022f610,FUN_0022f610,112,12
0022f698,FUN_0022f698,40,3
0022f720,FUN_0022f720,216,11
0022f7f8,FUN_0022f7f8,480,20
0022faf8,FUN_0022faf8,108,7
0022fb64,FUN_0022fb64,52,3
0022fd00,FUN_0022fd00,232,15
0022fde8,FUN_0022fde8,168,10
0022fe80,FUN_0022fe80,12,1
0022fea4,FUN_0022fea4,140,10
0022ff30,FUN_0022ff30,44,3
0022ff98,FUN_0022ff98,8,1
00230518,FUN_00230518,8,1
002305f0,FUN_002305f0,56,3
002306e8,FUN_002306e8,20,1
00230810,FUN_00230810,72,6
00230920,FUN_00230920,76,5
00230e10,FUN_00230e10,240,22
00230fe8,FUN_00230fe8,132,11
00231070,FUN_00231070,8,2
00231078,FUN_00231078,40,4
002310a0,FUN_002310a0,24,2
002310b8,FUN_002310b8,16,1
002310c8,FUN_002310c8,80,5
00231118,FUN_00231118,104,7
00231188,FUN_00231188,8,1
00231190,FUN_00231190,112,8
00231230,FUN_00231230,168,7
002312d8,FUN_002312d8,144,11
00231368,FUN_00231368,264,14
00231478,FUN_00231478,56,1
002314b0,FUN_002314b0,8,1
00231540,FUN_00231540,24,2
00231558,FUN_00231558,24,1
00231570,FUN_00231570,16,1
00231580,FUN_00231580,384,18
00231700,FUN_00231700,48,4
00231888,FUN_00231888,628,18
00231a40,FUN_00231a40,8,1
00231a48,FUN_00231a48,172,13
00231af8,FUN_00231af8,40,4
00231bd8,FUN_00231bd8,112,1
00231c48,FUN_00231c48,16,2
00231c58,FUN_00231c58,16,2
00231c68,FUN_00231c68,16,2
00231c78,FUN_00231c78,72,5
00231cf0,FUN_00231cf0,192,12
00231e60,FUN_00231e60,296,12
00231f88,FUN_00231f88,160,2
00232028,FUN_00232028,604,3
00232310,FUN_00232310,12,1
00232330,FUN_00232330,440,2
002324e8,FUN_002324e8,80,1
00232538,FUN_00232538,96,1
002325a0,FUN_002325a0,24,3
002326a8,FUN_002326a8,272,1
002327b8,FUN_002327b8,144,1
002328d8,FUN_002328d8,108,1
00232da0,FUN_00232da0,8,1
00232e38,FUN_00232e38,180,3
002333b8,FUN_002333b8,156,9
002335e8,FUN_002335e8,16,1
002338d8,FUN_002338d8,92,6
00233dd8,FUN_00233dd8,1244,61
00234a68,FUN_00234a68,56,3
002352a0,FUN_002352a0,176,7
00235350,FUN_00235350,16,1
00235360,FUN_00235360,360,9
002354c8,FUN_002354c8,60,1
00236500,FUN_00236500,8,1
00236658,FUN_00236658,280,4
002366a8,FUN_002366a8,40,2
002366d0,FUN_002366d0,196,2
002367c0,FUN_002367c0,16,1
002367d8,FUN_002367d8,24,3
002368a0,FUN_002368a0,168,8
00236968,FUN_00236968,8,1
00236a28,FUN_00236a28,20,2
00236a80,FUN_00236a80,88,3
00236ab8,FUN_00236ab8,72,1
00236d48,FUN_00236d48,12,1
00236e38,FUN_00236e38,100,4
00236ed8,FUN_00236ed8,108,4
00236f98,FUN_00236f98,60,3
00237048,FUN_00237048,56,1
00237300,FUN_00237300,60,1
002374f8,FUN_002374f8,44,3
00238218,FUN_00238218,120,6
00238328,FUN_00238328,48,3
00238eb8,FUN_00238eb8,8,1
002397d8,FUN_002397d8,116,8
002399b8,FUN_002399b8,28,1
00239a28,FUN_00239a28,28,1
00239c48,FUN_00239c48,44,4
00239ed8,FUN_00239ed8,260,18
0023a318,FUN_0023a318,2056,156
0023ab60,FUN_0023ab60,428,20
0023ae40,FUN_0023ae40,88,2
0023bec0,FUN_0023bec0,236,2
0023c048,FUN_0023c048,384,20
0023c118,FUN_0023c118,44,5
0023c6a0,FUN_0023c6a0,408,19
0023cd70,FUN_0023cd70,292,18
0023dd10,FUN_0023dd10,12,1
0023dd70,FUN_0023dd70,100,1
0023e010,FUN_0023e010,40,1
0023e554,FUN_0023e554,16,1
0023e568,FUN_0023e568,120,7
0023e5e0,FUN_0023e5e0,76,1
0023e748,FUN_0023e748,280,18
0023e868,FUN_0023e868,144,10
0023e8f8,FUN_0023e8f8,80,2
0023e988,FUN_0023e988,124,4
0023ed88,FUN_0023ed88,40,3
0023f370,FUN_0023f370,88,1
0023f3c8,FUN_0023f3c8,68,1
0023f680,FUN_0023f680,52,6
0023ff60,FUN_0023ff60,144,3
00240160,FUN_00240160,12,1
002401c8,FUN_002401c8,168,5
002405c0,FUN_002405c0,32,1
002405e0,FUN_002405e0,192,1
002407a8,FUN_002407a8,64,1
002407e8,FUN_002407e8,40,3
00240858,FUN_00240858,96,3
002408b8,FUN_002408b8,164,3
00240998,FUN_00240998,8,1
00240ac0,FUN_00240ac0,840,48
00240f00,FUN_00240f00,68,1
00241cc0,FUN_00241cc0,260,11
00241dc8,FUN_00241dc8,204,6
00242610,FUN_00242610,32,1
00242630,FUN_00242630,1256,79
00242b18,FUN_00242b18,24,1
00242b6c,FUN_00242b6c,28,1
00242b88,FUN_00242b88,276,18
00242f50,FUN_00242f50,1048,69
00243368,FUN_00243368,224,10
00243670,FUN_00243670,184,10
00243728,FUN_00243728,312,27
00243860,FUN_00243860,12,1
0024387c,FUN_0024387c,380,26
00243c30,FUN_00243c30,92,4
002445ac,FUN_002445ac,20,1
00245508,FUN_00245508,136,7
00245a40,FUN_00245a40,200,7
00245bf0,FUN_00245bf0,168,12
00245ef0,FUN_00245ef0,204,17
002461b8,FUN_002461b8,152,10
00246250,FUN_00246250,100,10
00246308,FUN_00246308,204,6
002463e8,FUN_002463e8,108,1
002467d0,FUN_002467d0,32,2
002467f0,FUN_002467f0,12,1
00246838,FUN_00246838,408,26
00246c98,FUN_00246c98,152,6
00246d30,FUN_00246d30,24,1
00246d48,FUN_00246d48,16,2
00246d58,FUN_00246d58,32,1
00246d78,FUN_00246d78,28,1
00246d98,FUN_00246d98,28,1
00246e20,FUN_00246e20,136,6
00246f70,FUN_00246f70,148,11
00247040,FUN_00247040,168,9
00247160,FUN_00247160,12,1
00247270,FUN_00247270,52,2
002472d8,FUN_002472d8,112,5
00247340,FUN_00247340,60,3
002473a8,FUN_002473a8,88,5
00247408,FUN_00247408,48,1
00247438,FUN_00247438,20,1
00247498,FUN_00247498,16,1
002474f8,FUN_002474f8,252,6
00247680,FUN_00247680,44,4
00247720,FUN_00247720,68,4
002477a8,FUN_002477a8,32,1
00247800,FUN_00247800,24,1
00247ae8,FUN_00247ae8,76,7
00247ba0,FUN_00247ba0,40,2
00247bc8,FUN_00247bc8,32,3
00247be8,FUN_00247be8,136,13
00248038,FUN_00248038,84,4
00248098,FUN_00248098,168,5
002481a8,FUN_002481a8,48,2
002481d8,FUN_002481d8,20,2
00248538,FUN_00248538,8,1
00248638,FUN_00248638,8,1
002493c8,FUN_002493c8,40,1
002494d8,FUN_002494d8,504,17
002499d8,FUN_002499d8,384,19
00249b58,FUN_00249b58,184,6
00249f20,FUN_00249f20,24,1
0024a1c0,FUN_0024a1c0,124,6
0024b310,FUN_0024b310,16,1
0024b320,FUN_0024b320,12,1
0024b330,FUN_0024b330,32,1
0024b350,FUN_0024b350,68,2
0024b3c0,FUN_0024b3c0,12,1
0024b430,FUN_0024b430,20,1
0024b46c,FUN_0024b46c,24,1
0024b6c8,FUN_0024b6c8,140,4
0024b768,FUN_0024b768,88,3
0024b7c0,FUN_0024b7c0,28,1
0024b7e8,FUN_0024b7e8,76,2
0024b860,FUN_0024b860,36,2
0024be78,FUN_0024be78,192,6
0024c530,FUN_0024c530,168,6
0024c5d8,FUN_0024c5d8,208,6
0024c6a8,FUN_0024c6a8,64,2
0024d500,FUN_0024d500,48,2
0024d7e8,FUN_0024d7e8,40,2
0024da48,FUN_0024da48,52,1
0024e088,FUN_0024e088,56,1
0024e0c0,FUN_0024e0c0,60,1
0024e128,FUN_0024e128,16,1
0024e138,FUN_0024e138,8,1
0024e140,FUN_0024e140,32,2
0024e160,FUN_0024e160,24,1
0024e178,FUN_0024e178,172,4
0024e270,FUN_0024e270,56,4
0024e298,FUN_0024e298,72,5
0024e2e0,FUN_0024e2e0,160,8
0024f410,FUN_0024f410,72,2
0024f718,FUN_0024f718,232,13
0024f800,FUN_0024f800,56,4
0024fb78,FUN_0024fb78,228,14
0024fc60,FUN_0024fc60,16,2
0024ff30,FUN_0024ff30,8,1
00250008,FUN_00250008,24,2
00250170,FUN_00250170,128,8
00250350,FUN_00250350,192,8
00250410,FUN_00250410,32,2
00250810,FUN_00250810,44,1
00251040,FUN_00251040,436,7
00251ed0,FUN_00251ed0,100,1
002523f0,FUN_002523f0,812,44
00252558,FUN_00252558,1156,1
00252ca0,FUN_00252ca0,88,8
00253660,FUN_00253660,224,8
002539f0,FUN_002539f0,64,3
00253a28,FUN_00253a28,4,1
00253a60,FUN_00253a60,12,1
00253ab8,FUN_00253ab8,116,6
00253b28,FUN_00253b28,28,2
00253b58,FUN_00253b58,12,1
00253bc8,FUN_00253bc8,40,3
00253bf0,FUN_00253bf0,16,1
00253ed0,FUN_00253ed0,564,28
002543f0,FUN_002543f0,300,13
002545c0,FUN_002545c0,460,24
00254958,FUN_00254958,32,2
00254cd0,FUN_00254cd0,488,27
002552a0,FUN_002552a0,40,1
002554d0,FUN_002554d0,192,8
00255590,FUN_00255590,88,6
002555e8,FUN_002555e8,72,4
00255d08,FUN_00255d08,8,1
00255d10,FUN_00255d10,32,4
00255e68,FUN_00255e68,248,17
002569d8,FUN_002569d8,100,1
00256c98,FUN_00256c98,148,7
002572b0,FUN_002572b0,232,11
00257768,FUN_00257768,40,1
00258090,FUN_00258090,52,7
00258438,FUN_00258438,36,3
00258630,FUN_00258630,352,14
00258790,FUN_00258790,60,4
002587f0,FUN_002587f0,24,2
00258800,FUN_00258800,32,2
00258860,FUN_00258860,32,4
00258880,FUN_00258880,12,1
002588e0,FUN_002588e0,16,1
002588f0,FUN_002588f0,16,2
00258900,FUN_00258900,32,4
00258920,FUN_00258920,176,11
002589d0,FUN_002589d0,248,1
00258b60,FUN_00258b60,156,5
00258c80,FUN_00258c80,32,1
00258ca0,FUN_00258ca0,16,1
00258cb0,FUN_00258cb0,96,6
00258d10,FUN_00258d10,344,16
0025a928,FUN_0025a928,368,13
0025b838,FUN_0025b838,4,1
0025b974,FUN_0025b974,88,4
0025eb18,FUN_0025eb18,676,6
0025ef68,FUN_0025ef68,68,4
0025f528,FUN_0025f528,144,6
0025f690,FUN_0025f690,32,1
0025f6e8,FUN_0025f6e8,16,1
0025f838,FUN_0025f838,88,4
0025f890,FUN_0025f890,16,1
0025f9d8,FUN_0025f9d8,248,11
0025fb68,FUN_0025fb68,216,9
0025fd68,FUN_0025fd68,232,11
0025fe50,FUN_0025fe50,232,12
0025ff38,FUN_0025ff38,36,3
0025ffd8,FUN_0025ffd8,52,1
002600c8,FUN_002600c8,252,13
00260208,FUN_00260208,76,4
00260320,FUN_00260320,84,3
00260840,FUN_00260840,164,4
00260a90,FUN_00260a90,312,12
00260e70,FUN_00260e70,40,1
00260fa8,FUN_00260fa8,212,12
002611f8,FUN_002611f8,200,12
00261d60,FUN_00261d60,108,5
00261f38,FUN_00261f38,8,1
002629e0,FUN_002629e0,72,1
00262ae8,FUN_00262ae8,20,1
00262cf8,FUN_00262cf8,456,12
00262ef8,FUN_00262ef8,40,2
00262f20,FUN_00262f20,124,5
00263080,FUN_00263080,12,2
002630c8,FUN_002630c8,48,1
00263220,FUN_00263220,184,1
00263940,FUN_00263940,328,13
00263b68,FUN_00263b68,4,1
00263c00,FUN_00263c00,1,0
00263ce0,FUN_00263ce0,36,1
00264348,FUN_00264348,1,0
002643a8,FUN_002643a8,52,1
00264978,FUN_00264978,56,2
00264eb8,FUN_00264eb8,44,1
00264fe8,FUN_00264fe8,60,1
00265088,FUN_00265088,60,1
002652c8,FUN_002652c8,44,1
00265320,FUN_00265320,36,1
00265388,FUN_00265388,12,1
00265630,FUN_00265630,52,1
00265798,FUN_00265798,12,1
002658b0,FUN_002658b0,52,1
00265900,FUN_00265900,52,1
00265a50,FUN_00265a50,36,2
00265b28,FUN_00265b28,48,1
00265b58,FUN_00265b58,12,1
00265bb0,FUN_00265bb0,4,1
00265cc0,FUN_00265cc0,212,6
00265d50,FUN_00265d50,68,3
002663a0,FUN_002663a0,60,1
00266650,FUN_00266650,28,1
00266720,FUN_00266720,4,1
00266750,FUN_00266750,4,1
002667e8,FUN_002667e8,60,1
002669b0,FUN_002669b0,36,3
00266a40,FUN_00266a40,72,2
00266ad8,FUN_00266ad8,4,1
002674a8,FUN_002674a8,28,1
0026753c,FUN_0026753c,68,1
00267700,FUN_00267700,68,1
00267760,FUN_00267760,4,1
00267790,FUN_00267790,16,1
00267c28,FUN_00267c28,68,1
002680c4,FUN_002680c4,64,1
00268208,FUN_00268208,4,1
0026831c,FUN_0026831c,72,1
00268458,FUN_00268458,44,1
00268610,FUN_00268610,52,1
00268890,FUN_00268890,68,1
00268ac8,FUN_00268ac8,4,1
00268b00,FUN_00268b00,68,1
00268b48,FUN_00268b48,60,1
00268c00,FUN_00268c00,68,1
0026a340,FUN_0026a340,1,0
0026a480,FUN_0026a480,68,1
0026a5e8,FUN_0026a5e8,68,1
0026a800,FUN_0026a800,12,1
0026b9d0,FUN_0026b9d0,4,1
0026bdf8,FUN_0026bdf8,8,1
0026c408,FUN_0026c408,4,1
0026c5e0,FUN_0026c5e0,172,1
0026c8a8,FUN_0026c8a8,48,1
0026c8d8,FUN_0026c8d8,20,1
0026cb38,FUN_0026cb38,68,1
0026cc80,FUN_0026cc80,56,1
0026ccb8,FUN_0026ccb8,12,1
0026cee8,FUN_0026cee8,68,1
0026cfe8,FUN_0026cfe8,68,1
0026d160,FUN_0026d160,68,1
0026d1c8,FUN_0026d1c8,68,1
0026d570,FUN_0026d570,68,1
0026ddb8,FUN_0026ddb8,68,1
0026de80,FUN_0026de80,68,1
0026df40,FUN_0026df40,68,1
0026e1a0,FUN_0026e1a0,68,1
0026e228,FUN_0026e228,68,1
0026e3a8,FUN_0026e3a8,68,1
0026e700,FUN_0026e700,4,1
0026eab0,FUN_0026eab0,16,1
0026edc0,FUN_0026edc0,48,1
0026eea8,FUN_0026eea8,112,1
0026efb0,FUN_0026efb0,128,1
0026f198,FUN_0026f198,1,0
0026f518,FUN_0026f518,56,1
0026f6f8,FUN_0026f6f8,136,1
0026f828,FUN_0026f828,120,1
0026ff38,FUN_0026ff38,12,1
002706a8,FUN_002706a8,1,0
00270838,FUN_00270838,1,0
00270a48,FUN_00270a48,1,0
00270ee0,FUN_00270ee0,1172,1
002726a0,FUN_002726a0,48,1
002726d0,FUN_002726d0,40,1
002726f8,FUN_002726f8,24,1
00272788,FUN_00272788,24,1
00272840,FUN_00272840,24,1
00272938,FUN_00272938,152,1
00272a90,FUN_00272a90,8,1
00272aa0,FUN_00272aa0,1,0
00272b00,FUN_00272b00,24,1
00272b18,FUN_00272b18,24,1
00272b30,FUN_00272b30,24,1
00272ec0,FUN_00272ec0,84,1
00272fa0,FUN_00272fa0,108,3
00273000,FUN_00273000,168,1
002730a8,FUN_002730a8,368,2
00273218,FUN_00273218,192,1
002732d8,FUN_002732d8,176,2
00273388,FUN_00273388,40,1
002733b0,FUN_002733b0,40,1
00273400,FUN_00273400,1,0
002734a8,FUN_002734a8,168,2
00273550,FUN_00273550,168,2
00273670,FUN_00273670,40,1
00273698,FUN_00273698,16,1
002736a8,FUN_002736a8,16,1
002736b8,FUN_002736b8,40,1
002736f0,FUN_002736f0,48,1
00273720,FUN_00273720,24,1
00273738,FUN_00273738,48,1
00273768,FUN_00273768,112,1
002737d8,FUN_002737d8,72,1
00273858,FUN_00273858,1,0
00273880,FUN_00273880,1,0
002738a0,FUN_002738a0,72,1
002738e8,FUN_002738e8,1152,1
